user_id,username,account_type,creation_date
1,super_user,guest,2025-07-28
2,code_master,administrator,2025-06-16
3,web_dev,user,2025-12-23
4,web_dev,administrator,2025-06-02
5,dev_guru,user,2026-01-08
6,super_user,user,2026-02-15
7,web_ninja,user,2025-05-09
8,dev_guru,administrator,2025-04-10
9,web_ninja,administrator,2026-02-27
10,programming_pro,administrator,2026-01-22
11,programming_pro,administrator,2025-04-17
12,coding_queen,guest,2026-01-26
13,super_user,administrator,2026-01-21
14,web_ninja,user,2025-10-26
15,web_dev,user,2025-09-03
16,code_master,user,2026-01-26
17,coding_queen,user,2026-01-14
18,tech_guru,administrator,2026-03-05
19,web_dev,user,2025-09-27
20,super_user,administrator,2025-11-13
21,programming_pro,user,2025-04-04
22,admin_gal,administrator,2025-10-29
23,coding_queen,guest,2025-10-14
24,web_dev,guest,2025-10-26
25,programming_pro,administrator,2025-11-20
26,tech_guru,administrator,2025-05-31
27,super_user,user,2025-09-13
28,super_user,user,2025-11-03
29,programming_pro,user,2026-03-19
30,tech_guru,guest,2025-09-22
31,web_dev,guest,2026-01-09
32,tech_wizard,user,2026-03-12
33,dev_guru,administrator,2026-01-09
34,code_master,user,2025-05-17
35,admin_gal,administrator,2026-03-05
36,code_master,administrator,2025-09-12
37,dev_guru,administrator,2025-05-20
38,admin_gal,guest,2026-01-30
39,code_master,guest,2025-07-13
40,code_master,guest,2025-06-29
41,web_dev,administrator,2025-10-02
42,admin_gal,guest,2025-07-14
43,tech_guru,user,2025-08-27
44,web_ninja,user,2025-06-26
45,tech_wizard,administrator,2025-06-01
46,admin_gal,user,2026-01-11
47,web_dev,user,2025-11-16
48,web_dev,user,2025-04-25
49,tech_guru,user,2025-05-25
50,programming_pro,guest,2025-03-29
51,programming_pro,guest,2025-07-31
52,programming_pro,guest,2025-08-23
53,admin_gal,administrator,2026-01-03
54,programming_pro,administrator,2025-09-25
55,web_ninja,administrator,2025-08-17
56,web_ninja,user,2025-07-29
57,web_ninja,user,2025-06-03
58,programming_pro,user,2025-07-24
59,web_dev,administrator,2026-01-29
60,admin_gal,administrator,2025-08-11
61,super_user,guest,2026-03-14
62,coding_queen,administrator,2025-04-02
63,tech_guru,guest,2025-12-24
64,admin_gal,administrator,2026-02-19
65,admin_gal,guest,2026-02-19
66,code_master,administrator,2025-11-13
67,super_user,user,2025-10-19
68,dev_guru,user,2025-08-10
69,programming_pro,guest,2026-01-11
70,tech_guru,user,2025-05-05
71,coding_queen,guest,2025-05-06
72,tech_guru,guest,2025-10-14
73,tech_guru,guest,2026-03-19
74,coding_queen,user,2026-01-23
75,admin_gal,administrator,2025-07-01
76,web_ninja,guest,2025-07-13
77,web_dev,administrator,2026-03-21
78,programming_pro,guest,2025-07-02
79,programming_pro,administrator,2025-09-23
80,programming_pro,guest,2025-08-02
81,admin_gal,user,2025-11-19
82,programming_pro,user,2025-04-28
83,programming_pro,user,2026-01-30
84,admin_gal,user,2025-05-20
85,coding_queen,user,2025-06-10
86,code_master,user,2025-12-15
87,programming_pro,guest,2025-05-27
88,coding_queen,user,2026-01-26
89,admin_gal,administrator,2025-08-21
90,web_dev,user,2025-05-19
91,super_user,guest,2025-03-30
92,programming_pro,administrator,2025-12-30
93,web_ninja,guest,2025-12-16
94,dev_guru,guest,2025-12-06
95,web_dev,guest,2025-10-22
96,tech_wizard,guest,2025-09-21
97,admin_gal,administrator,2025-09-24
98,code_master,user,2025-08-16
99,admin_gal,user,2025-11-01
100,tech_guru,user,2026-01-30
101,coding_queen,administrator,2025-11-19
102,programming_pro,administrator,2025-12-18
103,super_user,guest,2025-06-14
104,code_master,administrator,2025-05-28
105,web_dev,user,2025-08-01
106,dev_guru,guest,2025-06-28
107,tech_wizard,administrator,2025-11-15
108,code_master,guest,2025-09-28
109,coding_queen,user,2025-06-02
110,code_master,administrator,2025-10-02
111,coding_queen,administrator,2025-08-04
112,admin_gal,administrator,2026-02-05
113,dev_guru,administrator,2025-10-04
114,tech_guru,administrator,2026-01-19
115,tech_wizard,administrator,2026-01-24
116,web_dev,guest,2025-05-19
117,super_user,administrator,2026-02-19
118,web_ninja,guest,2025-10-06
119,admin_gal,user,2026-02-08
120,web_ninja,administrator,2025-04-28
121,admin_gal,guest,2025-11-13
122,admin_gal,guest,2025-06-27
123,super_user,guest,2025-11-25
124,dev_guru,guest,2025-08-14
125,tech_wizard,user,2025-07-17
126,code_master,user,2025-04-01
127,tech_wizard,user,2025-10-19
128,code_master,administrator,2025-07-08
129,programming_pro,user,2026-03-19
130,admin_gal,guest,2025-11-18
131,tech_wizard,user,2025-07-25
132,code_master,administrator,2026-01-15
133,dev_guru,administrator,2025-06-03
134,tech_wizard,administrator,2025-08-06
135,web_dev,guest,2025-11-09
136,super_user,guest,2025-09-26
137,tech_guru,user,2025-03-28
138,programming_pro,user,2025-06-12
139,web_dev,guest,2025-12-12
140,web_dev,administrator,2025-11-04
141,code_master,administrator,2025-04-08
142,admin_gal,administrator,2025-08-13
143,coding_queen,administrator,2026-02-20
144,tech_wizard,administrator,2025-07-04
145,code_master,user,2026-01-08
146,tech_guru,administrator,2025-08-05
147,tech_guru,guest,2025-10-06
148,dev_guru,user,2025-06-04
149,tech_guru,guest,2025-07-28
150,tech_guru,administrator,2025-12-05
151,code_master,administrator,2025-09-09
152,tech_guru,guest,2025-04-09
153,web_ninja,administrator,2025-09-09
154,code_master,user,2025-10-30
155,super_user,user,2025-05-11
156,dev_guru,administrator,2025-11-21
157,dev_guru,user,2026-01-24
158,super_user,administrator,2025-08-22
159,web_ninja,administrator,2026-02-14
160,admin_gal,user,2025-10-27
161,super_user,administrator,2025-12-05
162,super_user,guest,2025-12-25
163,dev_guru,user,2025-09-18
164,admin_gal,administrator,2025-07-31
165,admin_gal,guest,2025-10-06
166,dev_guru,guest,2025-10-17
167,dev_guru,user,2026-03-03
168,tech_wizard,guest,2025-05-23
169,tech_guru,user,2025-10-30
170,coding_queen,administrator,2025-10-12
171,tech_guru,administrator,2025-05-04
172,dev_guru,user,2025-07-19
173,coding_queen,administrator,2025-06-09
174,code_master,administrator,2025-06-10
175,web_dev,administrator,2025-07-07
176,web_dev,user,2025-05-16
177,tech_wizard,administrator,2026-03-03
178,tech_wizard,administrator,2025-07-21
179,tech_guru,administrator,2025-06-01
180,super_user,user,2025-10-23
181,dev_guru,guest,2025-06-04
182,web_dev,administrator,2026-01-19
183,web_dev,administrator,2025-10-19
184,code_master,administrator,2025-05-14
185,coding_queen,administrator,2025-08-08
186,tech_guru,user,2025-03-27
187,web_ninja,administrator,2025-05-03
188,super_user,administrator,2025-10-15
189,dev_guru,guest,2025-05-04
190,dev_guru,guest,2026-01-15
191,code_master,guest,2026-01-20
192,web_dev,guest,2025-05-26
193,programming_pro,user,2026-01-28
194,web_dev,administrator,2025-05-16
195,web_dev,user,2025-09-17
196,web_ninja,user,2025-09-03
197,tech_guru,administrator,2026-03-01
198,programming_pro,guest,2026-01-10
199,tech_wizard,administrator,2025-07-26
200,coding_queen,guest,2025-07-30
201,dev_guru,user,2025-09-14
202,code_master,administrator,2025-09-29
203,programming_pro,guest,2025-05-27
204,programming_pro,user,2025-10-25
205,super_user,guest,2025-11-05
206,web_dev,guest,2026-02-24
207,dev_guru,administrator,2025-07-08
208,programming_pro,user,2026-02-20
209,super_user,guest,2025-04-17
210,dev_guru,administrator,2026-03-08
211,programming_pro,user,2025-05-15
212,web_dev,user,2025-10-13
213,admin_gal,administrator,2025-05-27
214,tech_wizard,guest,2025-07-06
215,coding_queen,administrator,2025-05-24
216,tech_wizard,administrator,2025-08-07
217,programming_pro,user,2026-02-28
218,dev_guru,user,2025-08-12
219,web_ninja,user,2025-05-16
220,dev_guru,guest,2025-04-08
221,super_user,guest,2026-01-12
222,web_ninja,user,2025-05-09
223,web_dev,guest,2025-10-22
224,coding_queen,administrator,2025-06-04
225,admin_gal,administrator,2025-04-21
226,tech_guru,administrator,2025-06-23
227,dev_guru,user,2025-04-24
228,super_user,user,2025-09-22
229,dev_guru,administrator,2025-06-17
230,admin_gal,user,2025-05-31
231,dev_guru,user,2025-05-17
232,web_dev,guest,2026-02-19
233,web_dev,user,2026-02-25
234,programming_pro,guest,2025-05-31
235,web_dev,user,2025-12-17
236,tech_guru,user,2025-03-25
237,super_user,administrator,2025-06-02
238,admin_gal,administrator,2025-07-19
239,tech_wizard,administrator,2025-07-07
240,code_master,guest,2025-05-14
241,super_user,guest,2025-09-08
242,coding_queen,user,2025-05-14
243,tech_guru,guest,2026-03-23
244,coding_queen,user,2025-04-11
245,code_master,guest,2025-08-27
246,code_master,administrator,2025-12-04
247,tech_guru,user,2025-09-08
248,programming_pro,guest,2025-06-27
249,dev_guru,administrator,2025-08-31
250,code_master,guest,2026-01-07
251,tech_wizard,user,2025-07-30
252,tech_guru,administrator,2025-12-05
253,admin_gal,administrator,2025-04-19
254,dev_guru,guest,2026-01-22
255,code_master,administrator,2025-09-28
256,super_user,administrator,2025-04-09
257,web_dev,administrator,2025-08-21
258,code_master,user,2025-10-05
259,dev_guru,guest,2025-04-03
260,code_master,user,2025-05-04
261,coding_queen,user,2025-11-28
262,web_dev,administrator,2026-01-20
263,admin_gal,administrator,2025-11-04
264,programming_pro,administrator,2025-11-18
265,code_master,administrator,2025-05-06
266,web_dev,user,2026-02-12
267,programming_pro,user,2025-09-23
268,admin_gal,administrator,2026-02-12
269,code_master,user,2026-01-13
270,admin_gal,user,2025-08-11
271,dev_guru,guest,2025-06-02
272,tech_guru,guest,2025-08-07
273,tech_guru,administrator,2025-06-28
274,dev_guru,administrator,2025-04-26
275,coding_queen,user,2025-11-08
276,web_ninja,guest,2025-10-28
277,dev_guru,user,2026-01-02
278,code_master,administrator,2025-12-11
279,web_dev,administrator,2025-12-10
280,programming_pro,user,2026-02-15
281,programming_pro,user,2025-08-08
282,web_dev,administrator,2025-05-27
283,web_ninja,administrator,2025-05-28
284,web_ninja,user,2026-03-12
285,code_master,administrator,2025-09-18
286,super_user,guest,2025-05-12
287,web_dev,administrator,2025-05-16
288,code_master,guest,2026-03-22
289,super_user,user,2025-10-19
290,admin_gal,user,2025-12-18
291,admin_gal,guest,2025-12-29
292,code_master,user,2025-10-05
293,super_user,user,2025-10-23
294,code_master,administrator,2025-06-06
295,code_master,guest,2025-12-20
296,programming_pro,user,2025-11-13
297,super_user,user,2025-03-29
298,dev_guru,guest,2025-08-10
299,tech_wizard,user,2025-11-30
300,web_dev,user,2025-07-09
301,web_dev,guest,2025-08-18
302,tech_wizard,guest,2026-03-21
303,web_ninja,administrator,2025-07-02
304,code_master,guest,2025-06-02
305,web_ninja,guest,2025-08-05
306,super_user,administrator,2025-10-09
307,super_user,user,2025-05-16
308,web_dev,administrator,2025-09-19
309,dev_guru,administrator,2026-03-09
310,coding_queen,guest,2025-06-19
311,tech_guru,guest,2026-02-26
312,coding_queen,administrator,2026-03-23
313,code_master,administrator,2025-10-31
314,web_ninja,user,2025-09-24
315,code_master,user,2026-01-01
316,web_dev,guest,2025-06-12
317,dev_guru,user,2026-03-18
318,tech_wizard,administrator,2025-09-18
319,web_ninja,guest,2026-02-17
320,programming_pro,administrator,2026-03-20
321,programming_pro,guest,2025-12-19
322,tech_wizard,guest,2025-12-04
323,tech_guru,guest,2025-06-08
324,coding_queen,guest,2025-07-20
325,web_dev,guest,2025-12-09
326,super_user,guest,2025-09-22
327,code_master,user,2025-06-28
328,web_dev,user,2026-01-22
329,web_dev,guest,2026-03-07
330,tech_guru,administrator,2025-04-17
331,code_master,user,2025-10-03
332,tech_wizard,user,2025-07-23
333,coding_queen,user,2025-10-14
334,coding_queen,guest,2026-01-17
335,coding_queen,guest,2025-08-23
336,dev_guru,user,2025-10-01
337,coding_queen,guest,2025-07-25
338,super_user,guest,2025-06-23
339,coding_queen,administrator,2025-11-02
340,programming_pro,guest,2025-04-13
341,coding_queen,guest,2025-05-01
342,web_ninja,guest,2025-12-07
343,programming_pro,guest,2025-09-09
344,code_master,guest,2026-03-20
345,dev_guru,user,2026-01-05
346,coding_queen,user,2025-06-09
347,dev_guru,user,2025-04-06
348,tech_guru,guest,2025-04-28
349,tech_guru,guest,2025-04-02
350,web_ninja,administrator,2025-04-22
351,super_user,administrator,2026-02-16
352,web_ninja,guest,2025-11-16
353,programming_pro,user,2026-01-18
354,coding_queen,administrator,2025-12-05
355,tech_guru,user,2025-06-10
356,web_dev,user,2026-02-25
357,tech_guru,administrator,2025-07-25
358,programming_pro,user,2025-10-07
359,admin_gal,guest,2025-06-27
360,super_user,administrator,2025-08-28
361,dev_guru,user,2026-02-12
362,web_ninja,user,2025-08-12
363,dev_guru,user,2025-12-14
364,admin_gal,administrator,2025-07-31
365,tech_wizard,guest,2025-08-17
366,admin_gal,administrator,2026-01-24
367,web_dev,guest,2026-01-25
368,programming_pro,guest,2025-12-27
369,tech_guru,user,2025-09-12
370,web_dev,user,2025-11-11
371,admin_gal,guest,2025-05-13
372,admin_gal,administrator,2025-08-08
373,dev_guru,user,2025-11-16
374,admin_gal,administrator,2025-10-16
375,tech_wizard,user,2025-08-17
376,dev_guru,administrator,2025-04-18
377,tech_wizard,guest,2025-07-09
378,web_dev,guest,2025-12-10
379,tech_wizard,user,2026-01-22
380,coding_queen,user,2025-06-02
381,tech_guru,administrator,2025-11-14
382,web_ninja,guest,2025-07-17
383,coding_queen,user,2025-07-15
384,web_ninja,guest,2026-01-10
385,coding_queen,administrator,2025-05-06
386,dev_guru,user,2025-03-24
387,tech_wizard,user,2025-04-30
388,tech_guru,administrator,2026-02-21
389,super_user,user,2025-06-21
390,web_ninja,guest,2025-10-12
391,web_ninja,administrator,2025-05-01
392,super_user,administrator,2025-04-20
393,admin_gal,user,2026-03-16
394,code_master,guest,2025-03-29
395,dev_guru,administrator,2025-09-15
396,admin_gal,guest,2025-08-07
397,admin_gal,user,2026-01-26
398,code_master,administrator,2025-07-15
399,code_master,guest,2025-03-24
400,dev_guru,guest,2025-06-28
401,web_ninja,administrator,2025-09-13
402,admin_gal,user,2025-06-16
403,admin_gal,guest,2025-05-28
404,web_dev,user,2025-08-21
405,super_user,guest,2026-02-04
406,tech_wizard,user,2025-08-18
407,dev_guru,guest,2026-01-04
408,web_dev,user,2026-03-17
409,web_dev,user,2025-06-25
410,web_ninja,administrator,2025-09-02
411,dev_guru,guest,2026-02-27
412,programming_pro,administrator,2025-04-20
413,programming_pro,guest,2025-11-15
414,web_dev,user,2025-09-06
415,code_master,user,2025-07-17
416,super_user,user,2025-11-12
417,tech_wizard,guest,2026-01-10
418,super_user,guest,2026-02-28
419,programming_pro,guest,2025-06-28
420,code_master,user,2026-03-11
421,programming_pro,guest,2025-07-03
422,admin_gal,user,2025-03-26
423,tech_wizard,user,2025-10-23
424,admin_gal,user,2026-02-11
425,admin_gal,administrator,2025-10-04
426,admin_gal,user,2025-10-09
427,code_master,user,2025-07-01
428,code_master,user,2025-08-19
429,dev_guru,guest,2026-01-14
430,super_user,guest,2026-02-26
431,web_ninja,administrator,2025-10-11
432,tech_wizard,guest,2025-09-30
433,coding_queen,user,2026-02-25
434,admin_gal,user,2025-06-08
435,dev_guru,guest,2026-02-25
436,dev_guru,guest,2025-04-07
437,code_master,administrator,2025-09-23
438,tech_wizard,administrator,2025-12-21
439,web_ninja,guest,2025-05-22
440,coding_queen,administrator,2025-09-15
441,tech_guru,guest,2025-11-05
442,web_ninja,administrator,2026-01-10
443,dev_guru,user,2025-05-04
444,super_user,user,2025-12-05
445,coding_queen,guest,2025-04-26
446,tech_guru,guest,2025-10-24
447,web_dev,guest,2026-01-27
448,programming_pro,guest,2025-10-14
449,tech_wizard,guest,2025-12-10
450,code_master,guest,2025-04-30
451,web_ninja,user,2025-09-23
452,web_dev,administrator,2025-07-17
453,web_dev,user,2025-11-17
454,super_user,guest,2025-06-03
455,web_ninja,administrator,2025-08-02
456,dev_guru,administrator,2025-08-24
457,dev_guru,administrator,2025-10-17
458,coding_queen,guest,2026-01-11
459,web_ninja,administrator,2025-04-04
460,tech_guru,user,2025-10-20
461,code_master,guest,2025-06-05
462,web_dev,guest,2025-11-28
463,programming_pro,guest,2025-09-10
464,dev_guru,administrator,2025-06-12
465,tech_guru,guest,2025-08-02
466,programming_pro,user,2025-06-23
467,coding_queen,guest,2025-06-27
468,tech_wizard,administrator,2025-06-07
469,web_ninja,guest,2025-06-15
470,tech_guru,administrator,2025-10-21
471,admin_gal,user,2026-02-26
472,programming_pro,administrator,2025-09-06
473,web_ninja,guest,2025-11-19
474,coding_queen,user,2025-10-30
475,dev_guru,administrator,2025-05-31
476,coding_queen,administrator,2025-11-16
477,dev_guru,user,2025-05-23
478,tech_guru,guest,2026-03-03
479,web_ninja,guest,2025-12-11
480,code_master,administrator,2025-09-10
481,super_user,guest,2026-01-25
482,admin_gal,guest,2025-12-22
483,web_ninja,administrator,2025-09-28
484,super_user,guest,2025-06-05
485,tech_wizard,administrator,2026-03-11
486,programming_pro,guest,2025-05-31
487,web_ninja,administrator,2025-05-25
488,admin_gal,administrator,2025-03-27
489,super_user,user,2025-10-18
490,dev_guru,administrator,2025-12-29
491,code_master,guest,2025-04-16
492,web_dev,administrator,2026-01-05
493,admin_gal,guest,2026-03-02
494,web_dev,guest,2026-03-04
495,web_ninja,user,2025-10-14
496,dev_guru,administrator,2025-10-13
497,programming_pro,guest,2025-12-15
498,dev_guru,administrator,2025-10-29
499,tech_guru,guest,2025-05-20
500,web_ninja,guest,2025-12-01